route,repetition,attempt_id,profile_hash,disable_tx,disable_block,disable_enabled,rejected_delivery_tx,rejected_delivery_block,actual_rejection,application_effects,gateway_consumed_after,receiver_consumed_after,restore_tx,restore_block,restore_enabled,sequence_valid
HL,0,security_baeb0180787878f6eabd1b7351a5a250,0x0d79810296aedf4203b7c0679a0e92096735a3820ef3c67585d64f954e995fdc,0x9460373044d6d2d3d2debe97ac92b7ddd4acf10a14bdbdda6109edba97848160,1956,False,0xf5fe0463d7d78d766773fdec40915b6a63e874e30010edd16df8778c7067249e,1957,ProfileInactive,0,False,False,0x4b1d178409a50ce1c99ecda1880f37ddea2507051da9c69c5a4f0bdb221b896e,1958,True,True
HL,1,security_c7a2b2e170709d477a39833a91aec66f,0x0d79810296aedf4203b7c0679a0e92096735a3820ef3c67585d64f954e995fdc,0xdf48094ef02bc2045d23e51ee3b583f18f6de629482df3408092806c4c90cd28,1968,False,0x88950fe2123941cbbb191a384a6d0cd9e0184986b07c67ed29b6376f9cb8b4a4,1969,ProfileInactive,0,False,False,0x50b79cb42e6cbec902ce50c99983a8e9b32117b83876355bd9889f78bdb11c1e,1970,True,True
HL,2,security_58cc8b614a7f01b433e03ad7bbd02c1c,0x0d79810296aedf4203b7c0679a0e92096735a3820ef3c67585d64f954e995fdc,0xd2593077e10ccd799883a6e780c9f06f570f1cc9743749cf6ed8c3a90ea0b47a,1980,False,0xf78b17c7488b9f568243726d5563db65e3d118e4b8bdc5cdba1b8227ca7283bb,1981,ProfileInactive,0,False,False,0xcd16a6d6f626e07887fdf309271703151d1b9e6ff1f33a94d27fc3300fd10fc6,1982,True,True
HL,3,security_1deefa269cd9fc556c2a9b7ebf85f6a1,0x0d79810296aedf4203b7c0679a0e92096735a3820ef3c67585d64f954e995fdc,0x492c87f7422f06d75eb0a5bfd362b1e9b5b95d4bb6473e2de3b3bbbce93410bf,1992,False,0xf91b6e94d0fc2e71b9317be086d551a4dde790fb24f4c1dbb912826851fccb8d,1993,ProfileInactive,0,False,False,0x6526a78d08cc22090397f7516cd849b48327b10ceb82f84585e4a8f3f3c2b751,1994,True,True
HL,4,security_1056477d3c49e194e136a467886c1a0c,0x0d79810296aedf4203b7c0679a0e92096735a3820ef3c67585d64f954e995fdc,0xad4e5d9b919ae4900f6bcc2f596deca397bea45f7228489840ee9e019bd64de5,2004,False,0x85680903318bf7e8ec95a0f3cc95b234db82f74f096513c0ece6930f3b9c34dc,2005,ProfileInactive,0,False,False,0x9e7e47eabab8ae21f79734e1b09fd3cb8ff3cae12711b9a33857c553ae333701,2006,True,True
HL,5,security_aa7981df203050bf83b6c7e05dfe9484,0x0d79810296aedf4203b7c0679a0e92096735a3820ef3c67585d64f954e995fdc,0xa6ddddecbf903b03fa30fd1e71643387ce2271b131c5a243fa0881a5b06b721c,2015,False,0x801de8f01c108bcedbf565be5934169b7d03abad0ca0f706e9b45273a904703b,2016,ProfileInactive,0,False,False,0x2e27bad347d84bb530f2d609bf61403b272d25ee78f9d443a20f5657d7e04676,2017,True,True
HL,6,security_94ae6c0ad33e3b2b319906df759aa80f,0x0d79810296aedf4203b7c0679a0e92096735a3820ef3c67585d64f954e995fdc,0xaba13c6a3f5c01fa8752dc98911770bbadcd19b7610e4bd493ba0f58c44465a4,2026,False,0x4380f23b33d8e7a6b9407af47552070818a1fb492bf4d6ed983ae6fd25d7a8cb,2027,ProfileInactive,0,False,False,0xc143e95f112356807d50735c0ab568e106cf1b18d0a8ac0b79bf58c7c642609a,2028,True,True
HL,7,security_a1f49720eb0b972c46f284e9fae9a0a2,0x0d79810296aedf4203b7c0679a0e92096735a3820ef3c67585d64f954e995fdc,0xcc988725060ec1268cc721623ac24f3c99c12fe2888a6c19d5bf455676a7ff24,2039,False,0xf851ca308413ba1ed477945e6cd435b9665bbc9c982eed015d2ab34a1b7697cb,2040,ProfileInactive,0,False,False,0xb51eb5bd89fb5380ce50fd8f9a275a4b22504ab868cc48708fc3f9f5168acbc0,2041,True,True
HL,8,security_d3fe2a3f96479ec33c426ae567b3cb9c,0x0d79810296aedf4203b7c0679a0e92096735a3820ef3c67585d64f954e995fdc,0x014a518b3141451bc0bd4ad321b8cda29ea0c2a5dc8b31908d2bf6c638210921,2052,False,0x25edfef0e1ef5b1f25c860a062f6080a1859ea335981f4b160ddf316d8bbf7b4,2053,ProfileInactive,0,False,False,0xeaab3416165e84c4f6ce1fd0d33d9aec8d157f2fe2a2a9035ad5d75fb7e5059d,2054,True,True
HL,9,security_2a678912ce54189362598ede963054b6,0x0d79810296aedf4203b7c0679a0e92096735a3820ef3c67585d64f954e995fdc,0x545f97a0d1bf113497236175d9a1572d16ddb4212cbdac378fdc2953ce9ff6f5,2065,False,0x7b20de5d294cf1c66023b915ca21795ea6f18739022f291fd2ea957ee30abb60,2066,ProfileInactive,0,False,False,0xdc6ef4e3a906bcba041a23671016caac36aa4741c8912974cb4d0798d5b9470a,2067,True,True
HL,10,security_6236f3cd75289a61f10b827778cc8bc8,0x0d79810296aedf4203b7c0679a0e92096735a3820ef3c67585d64f954e995fdc,0xec15e2c8da865d0bde7b70817739daeb215606f30d1bae7fdb184aad4d13464a,2078,False,0x213f6d57edc1f3018203a653b8f1e5febc9796a8463721af7fc0f966ee8dee83,2079,ProfileInactive,0,False,False,0x87e9e2adbc0f7f206d9754f3746c027a6b8a506b347e5706e6fbe5c70fe7adef,2080,True,True
HL,11,security_90fe7a1c1f561356bb253d51be66c0b9,0x0d79810296aedf4203b7c0679a0e92096735a3820ef3c67585d64f954e995fdc,0x62ab47c667b66cc8c7466deb463a42e341fd3a7eccb6f86f68fbdd5e49c80b0f,2091,False,0x922c7720d4bdf532bfa975471131286c719d3f665122deca18b9dc5f8ae1eccb,2092,ProfileInactive,0,False,False,0x01b90c62970dae5f00efad5068cbad97781c7ab682db42fa004b5398776f748b,2093,True,True
HL,12,security_9c5883ba31d74d95aa58142b0037034c,0x0d79810296aedf4203b7c0679a0e92096735a3820ef3c67585d64f954e995fdc,0x7e8c0e35cf2ba2416667aa52849f34f3727775262499f97003984fbad8fd2a7a,2104,False,0x0359d7bc2c1888727f10845e08ae94386949e0ca0cbc1218eb888280ea9b2f63,2105,ProfileInactive,0,False,False,0xf9df61c5ad526347dc60d54c1d30b6083183d4bef17d41f7a5098fc83b0fd1cd,2106,True,True
HL,13,security_28d90f726f5632787fdf712e7529acf8,0x0d79810296aedf4203b7c0679a0e92096735a3820ef3c67585d64f954e995fdc,0xd71220f8e241d69eee103d38f44be8d8381a9e2c5b3f4f8a71ae6fe05f8ab927,2117,False,0xfc6a38134d08684b2d852bf483cb438db19d791e46c258e7a20272ddeb5c9c39,2118,ProfileInactive,0,False,False,0x6d2c57a05f5134430e0747ff3407bf006eb2255f3826382a9fea1a3070745423,2119,True,True
HL,14,security_734aebc8d6f8d2989aaaab0fa39b953e,0x0d79810296aedf4203b7c0679a0e92096735a3820ef3c67585d64f954e995fdc,0x8875badad23155d1e7fa07d429b71546259b79c722d23bdca7320ffad20c53e8,2130,False,0x90a76d8e2a2763f45569379f455a2210c9bed0c526c067fd126e12429c6751ca,2131,ProfileInactive,0,False,False,0x9d2a338626afbdbc0b79d533a8a53868a18465894f8ca8503687456a00d53625,2132,True,True
HL,15,security_cc4e3d394c8cbe5073354a3175b55f11,0x0d79810296aedf4203b7c0679a0e92096735a3820ef3c67585d64f954e995fdc,0x37a86f686d1e2558bcd7f0d0956fa0a3309a63535504b47e37c465574b6bd78c,2143,False,0x11b63a4ab747289d61b7bd72c3dcefa60218252c414f44e3fec4746dc03410dc,2144,ProfileInactive,0,False,False,0x7a7d10dafc15f29555c7ad90ae0cd4ac8fab17d2318548f7fbe25487c489d23d,2145,True,True
HL,16,security_c63a757be755ed7f3eb6668140459e06,0x0d79810296aedf4203b7c0679a0e92096735a3820ef3c67585d64f954e995fdc,0x33d35606359cac0b450dba36b483801a70da16a3f346d0dcbcfc9e17cd8c4a65,2156,False,0xc979527de91adac86d8cf823ec300dfdd692933029644af1909b72071b974782,2157,ProfileInactive,0,False,False,0x03b412dd4d3312444c278b0d9c73f72f1d5bea680cc0227b7ace1bbe7018fa1c,2158,True,True
HL,17,security_403dfc016cbc3eaa9a9bc477261b72ea,0x0d79810296aedf4203b7c0679a0e92096735a3820ef3c67585d64f954e995fdc,0x72865033513d02ffa2ebae0448e9d88a726d731aa0c5c3a4a05f01c9803e5276,2169,False,0xf8f203eae3335d06c17350bfffc634be4f857cb4cf7952ec0f7a8f054c947dfa,2170,ProfileInactive,0,False,False,0x48163c651e266ae97e3dbdf366448059cfc07c441d4ed313563fa7cdfe76b5dc,2171,True,True
HL,18,security_195204707001115b39a8d4b38fb5d569,0x0d79810296aedf4203b7c0679a0e92096735a3820ef3c67585d64f954e995fdc,0x300aef39bd2f56d5c93d6810c9d09a61c994c0807ec920bc5dbfaacd8e88d8b4,2182,False,0x3ce54ee2319fc48677b96f85a12fd36ed644d73fd33c097aafdeef2c397c9509,2183,ProfileInactive,0,False,False,0xc882b469011225dd4783e3736edeba458c00dbac41873f5b2f560b6b2da24db1,2184,True,True
HL,19,security_ca6982e1b0ae1dfebb2cf67d7a4b9b68,0x0d79810296aedf4203b7c0679a0e92096735a3820ef3c67585d64f954e995fdc,0x90b37ab0893210a8907979bfc2fc4d8e98bb4db172ebeac06153d304ed168e22,2195,False,0x45c36b82f0719d9539fe3c5146b857c204b48ce4052383b31794c9e2c763979f,2196,ProfileInactive,0,False,False,0xbf5922bc46204a77eafb182f7c8abc92114d197b14152eb9e08bc48eb976876f,2197,True,True
HL,20,security_4fe9ef3151272e8236977f4cceaaddda,0x0d79810296aedf4203b7c0679a0e92096735a3820ef3c67585d64f954e995fdc,0xb76d019948547117013eb6cbdf9920e4ff279a30bda5d79640bb2ee7ed3717a1,2208,False,0x1bc630c0d31d29881ba604bb1d453a55b58c047715eabce652a16f1a2c8c12b4,2209,ProfileInactive,0,False,False,0x7999d78310edbc6eb9399098be72b7b5b332f7c323b20818905a11d3da344a7d,2210,True,True
HL,21,security_34c406aafdefbff12d362457685690fe,0x0d79810296aedf4203b7c0679a0e92096735a3820ef3c67585d64f954e995fdc,0x9bf12cb38224656b63f59c299a9e2445f45f1e5f10a7304258c29d52581b336c,2221,False,0x8df81aae0522e4a919e27d54e7095dbd03dfa2c07337941ae347c52849d61d76,2222,ProfileInactive,0,False,False,0x18b8f9d17141ae5f4fd8ceacd0217677a919c112427213db5a46d17ffcbc6046,2223,True,True
HL,22,security_0dc81c01750343e397bb73447e95987b,0x0d79810296aedf4203b7c0679a0e92096735a3820ef3c67585d64f954e995fdc,0x2b92a400f10e817cb38bc3102cd4ccca8e1ec6be968d5d76878faf162b3c7da8,2234,False,0xb65759b30d687e54587ed2a3c86cd8d21bb58d9b770324ae04d95fd495be678b,2235,ProfileInactive,0,False,False,0xc8e360f8b69d0dc19d44cf70a3aee4a91c1641e095b4bbb31b8c0b0a683beb61,2236,True,True
HL,23,security_9bfeb00e3deb3e4daf1aec09690096df,0x0d79810296aedf4203b7c0679a0e92096735a3820ef3c67585d64f954e995fdc,0x7bc83c24427914dc2470fb3494d06377154fdaa973b5cabf99684ff8aadb8896,2247,False,0xc0bb24fd7d5f2cb9f5f8e4e7808a096e240e48f60d985eed20963924b3f000fb,2248,ProfileInactive,0,False,False,0x32b53f81892ba4ec27f098e296cb6d56348dd77bc98cf74d03682e46c077935e,2249,True,True
HL,24,security_cec02190521bb546714e54b3ec37a9db,0x0d79810296aedf4203b7c0679a0e92096735a3820ef3c67585d64f954e995fdc,0xa824d51dbf05b467318c7f723591642ca676f58de763ec5f0d344d13629044f5,2260,False,0x42bd4a4d90604211e78b0c33c745d1e6ec468d069922b42aa093d3138081eef2,2261,ProfileInactive,0,False,False,0x0e20c757d6ec4d1cd5e297b91d33b48f75c3d5aedd8a62bd4e086f842b66c04c,2262,True,True
HL,25,security_78504a6724adb88a25e528caceac7fe2,0x0d79810296aedf4203b7c0679a0e92096735a3820ef3c67585d64f954e995fdc,0xb5acbc1159e914066efd4b746df30e632a33f1ea8213542a386d59723c7e7975,2274,False,0x66025df961adfabf5027c4f7952640c397ecf1bbbd75e00a5f0a9dd79028e730,2275,ProfileInactive,0,False,False,0x90a6ca59b2846e5ca4b8344ff401952e10f4f9c5c17cc2291f7038e327ff5140,2276,True,True
HL,26,security_c8e7f85107298c880c4bb3093bbe5da3,0x0d79810296aedf4203b7c0679a0e92096735a3820ef3c67585d64f954e995fdc,0x51f0252538e16836b63aa432d20429c66ffd70dfa1966f0604066a12c65ad6dc,2287,False,0x058b710e291a5f967b88920d5da4ba216be3a8a277fe952713b6071b9b982c4a,2288,ProfileInactive,0,False,False,0xaa825b97e5e6a41e8895cae38bda7ca2130ca7e3f6a266e3032fb2ecea9b76c1,2289,True,True
HL,27,security_0f4af5d1b15bc9b13bb4e485e78db313,0x0d79810296aedf4203b7c0679a0e92096735a3820ef3c67585d64f954e995fdc,0xe8f005bd153e824c1bde5e7b7769df47c75bdd2f9474eb905f9614b76c21167d,2300,False,0x96476539ac4bdcece09a55abe34d0e58e2d02493eb09f121255b1df7e63b0eba,2301,ProfileInactive,0,False,False,0x7d008b53acfb348fba9d8f8f61453003deae16a9713331856ce7a8117e63b38b,2302,True,True
HL,28,security_a678cfa9de181e622555f6c489cf93e9,0x0d79810296aedf4203b7c0679a0e92096735a3820ef3c67585d64f954e995fdc,0x456fa9fb557f9f570a8f911da173848be23ceb92ea2e4c231314f0edd36cb1ed,2313,False,0x520b147ab4a9f572585202f8d50a6e6c11f4780dfb967abbbfeac58838d97d36,2314,ProfileInactive,0,False,False,0x1517b6c66c7eab32b8f7ceac119ac022a1701013508d95ff52f2daace89f5927,2315,True,True
HL,29,security_989b073387bd8d16eae4d55579a22bd6,0x0d79810296aedf4203b7c0679a0e92096735a3820ef3c67585d64f954e995fdc,0x937675da09a9e828eed99e74d3f5a369d6caab0d16a2241e49a2300d5e9d9894,2327,False,0xd7f0a422777a3a8fdf9060122e070ca513e15524f62c11b11c35d571e7cd35d3,2328,ProfileInactive,0,False,False,0xcaa6dee673235b88b4b5835358356793d3d5ea9e3deb9ac54fa155845dc469ca,2329,True,True
LH,0,security_fe23c0cc164e031beb09d54a699abd1c,0xe7cb13f934893be161b20859a9b316f9f9d2103636e6de82f7d653a61a775454,0xe5d528174a92b1abb4784d05b7a5c546efb4f9e06d6d2345fcc9d8610769d25f,2339,False,0x8df5c768a370d803da565a839681f4e22ca35f2ec9616b4c585831d46bf77e9d,2340,ProfileInactive,0,False,False,0xe9a6afc69a805073d067c10c743454c4969cba592b3a4f49f5cfac4b09dcd0b4,2341,True,True
LH,1,security_fde66060868bf1cd357dfec25eef06f4,0xe7cb13f934893be161b20859a9b316f9f9d2103636e6de82f7d653a61a775454,0xa4f32c008c4304fc35cf635f154095f7549c3504279a2357bd91bbd2bc242ab7,2351,False,0xae7806a3cd32016ecea9df9ef45760eb762c8396e26d474e4df956fc5f509929,2352,ProfileInactive,0,False,False,0x4fec016d93041592b9244a3d88e70eecb95f20c6991240618de695159e1f5375,2353,True,True
LH,2,security_8b114a8247d589fea746da7cca39bcb7,0xe7cb13f934893be161b20859a9b316f9f9d2103636e6de82f7d653a61a775454,0x4e60a774fab82e8cc1667cf0c2d7c3add3fc2df08d169113ddb9c65b8a9bcfd6,2365,False,0xd4a391765ebf7ebfdb7e81aa0c6dbb96cd436c381ca780a7a9ba2baa8c3c9449,2366,ProfileInactive,0,False,False,0xf17883f9879ef0805eeb3cefda016c9d1ae06a8daa5299a8296e14dfc445e64b,2367,True,True
LH,3,security_931931009c4ae320574e79717a0b43eb,0xe7cb13f934893be161b20859a9b316f9f9d2103636e6de82f7d653a61a775454,0x2b4e8353678e8b4152774920ae9e798f65b85258bed853b7c9ee5b34df7cb55e,2379,False,0xcba977c7bba794ab3e56709b7b5d29bf51967858d8be5aeed22a95eacb93a8dd,2380,ProfileInactive,0,False,False,0xaa2ad416ffcc17873f8f4536a5c7e32a13d504f91258a851badadea7a78c914f,2381,True,True
LH,4,security_8eb728c1ef1269ba2913156e873bfdce,0xe7cb13f934893be161b20859a9b316f9f9d2103636e6de82f7d653a61a775454,0xed17f66bf74f0ea360bde1234ab79d7b3862b0e91d3260cc35aca1b1de52ca55,2391,False,0xdd3795d1b7226328045595b992e69740f498305dbfd261ba0b0d32b2304f1f7b,2392,ProfileInactive,0,False,False,0xe70ec8d3f3cc25deb6af1b3c752bcc942f82686e1fe0fb584713927570ca79ca,2393,True,True
LH,5,security_bc47a3ae184e0c91470841b50a0f6df9,0xe7cb13f934893be161b20859a9b316f9f9d2103636e6de82f7d653a61a775454,0xc2a43427e940a7ce7a35aca2b9aa2eba461182b79712926d0db2a36e8253ecf6,2403,False,0x61455c6260bb3e39918e339fc29f7640d23ff2651818df053e596be5786f222c,2404,ProfileInactive,0,False,False,0xaa680cda5f17a5d4dbb67705347dfbd94363b474a0c71337668d9452cd78e8a0,2405,True,True
LH,6,security_adb334ff891835870d07f60fe7565bdc,0xe7cb13f934893be161b20859a9b316f9f9d2103636e6de82f7d653a61a775454,0xc13ebf835a27d880601f697f9366038ac82176ac9d027df166fafff07fd95702,2417,False,0x7f4038920697a4e8c5f39fdb9b9350b8e558a6a6046fc686616e90025d2011eb,2418,ProfileInactive,0,False,False,0x72d115c0b642ea832e2569104c6813836b62f5385df368ef2f4145af5c6bb2ea,2419,True,True
LH,7,security_f29b139b758fe734b1e66e2812893206,0xe7cb13f934893be161b20859a9b316f9f9d2103636e6de82f7d653a61a775454,0xe69a54302354acf1cae99161e2230366829aae2da1daa050af54ac01d1b89304,2430,False,0x7143610cb358b758e29e0a6c4f99e0de203058b93ab53967189416da88a889d1,2431,ProfileInactive,0,False,False,0x4dd4331f84a87414d505ad61683c50cde1e195f3e022950e500edc945246545a,2432,True,True
LH,8,security_f41032ca8daab6ad006cd74b8550b0ca,0xe7cb13f934893be161b20859a9b316f9f9d2103636e6de82f7d653a61a775454,0xd09bed5b1956dc66ca25bc7e647fa4b6713e80c2582bbc73928985ffee04eeeb,2443,False,0x6ba1d6ebbd2174e5bcc4bd852ca9dd066ad08321ff1b578acc7a446b01c9b060,2444,ProfileInactive,0,False,False,0x373449af7a02c5080ee6196d1907c11e959a8847037c07986032027d2199ac1e,2445,True,True
LH,9,security_a052198fe25cb2eb58847cf4844cb30c,0xe7cb13f934893be161b20859a9b316f9f9d2103636e6de82f7d653a61a775454,0x72c0d7209680072f49760a06bb6a49442e5edb7c001660f9758147aa419b7f1b,2456,False,0xc2806701109067619eb6f5f7e476b960793a3ca549056017b6b8eacaa4ec6c5c,2457,ProfileInactive,0,False,False,0xb8d7549dae2e2ff01af300c75b80c3241d34afe3e3d95f40ca5c300c3f4d1015,2458,True,True
LH,10,security_5c4d70eaf75a2136659b447c8587afee,0xe7cb13f934893be161b20859a9b316f9f9d2103636e6de82f7d653a61a775454,0x387d6c9b59c751fcb661d58edf2433e5684c9402e5844d61eb8aea96e2302623,2469,False,0xf5f539d3cdfa987ebf685ecc4e7c81c2c0381e3812ac060fa2edf00f6508e97b,2470,ProfileInactive,0,False,False,0x8110ec4adf66069507d925c99c641a69caad617ac8634a4705f8d84c31a4c49c,2471,True,True
LH,11,security_0ed36d31e8f8abdd01bd2d1a7094a40f,0xe7cb13f934893be161b20859a9b316f9f9d2103636e6de82f7d653a61a775454,0xef4a541df75260bfeda768bd29e1116c632f4a485d227d1da45d773b173f56f6,2482,False,0x7ba08a824b126b16f1d1a1d7909614a142c64d1657dffc17f92c66ef9986993b,2483,ProfileInactive,0,False,False,0xbd587f17e3426b241cfbc25b80a5ea4b21e9a18fbe3f6a4a5607bf4ad895c701,2484,True,True
LH,12,security_c3ebb410b907ab278e06f78b62052445,0xe7cb13f934893be161b20859a9b316f9f9d2103636e6de82f7d653a61a775454,0x4dac2e491a8e082bdb1e44891cac8289f0b09c14e81d562f91962a1673325c40,2495,False,0x9bcbe8b338866789be7f8208e9da2c38b500269e8d4f007cd5bc310e89138347,2496,ProfileInactive,0,False,False,0xbb7bb472ce97d9381ba613b2a23e90414d5ed3c4e8b9dc6f43134945be77f8d1,2497,True,True
LH,13,security_8853a57c176a0c619baafb1f4778d590,0xe7cb13f934893be161b20859a9b316f9f9d2103636e6de82f7d653a61a775454,0x28d2254b313ea6306af28745c200c5c0cc041ad44891b1ba475c280620b9c609,2508,False,0x6dfa8cfab1ddcc12a8f8f5110656557b260f49d4519737d07be9ecca1311138e,2509,ProfileInactive,0,False,False,0x1ed07178bfeb325cd7f4dd226fd2dd3932288abc477c760f5a2ad9ea366a835a,2510,True,True
LH,14,security_50f8dcaf463c289e75be61a4e8917388,0xe7cb13f934893be161b20859a9b316f9f9d2103636e6de82f7d653a61a775454,0xa69c013ebb8aaeb49de87182df08f9bf026023d8eb8835a5321bc6303fa62b9a,2521,False,0xfaae69f1fea2e05d5d027d53b39fc5060aff85323988631880fbbe2c094eac62,2522,ProfileInactive,0,False,False,0xcffed36f33838260efdfe96504c410277b7feba34c5ee59563e1db2933d47614,2523,True,True
LH,15,security_1d8c43f67cfd39b0cc7cf6c83267a513,0xe7cb13f934893be161b20859a9b316f9f9d2103636e6de82f7d653a61a775454,0xf1fa70f1ca1d1cce126d376d97f67dc0ccb150c28b8ccdb4b69b639db590d741,2534,False,0x5eef5ac52fea8e95db82a481746a6f6c77b8e2c3d9ce3503574d3e0e4fb71ce4,2535,ProfileInactive,0,False,False,0xbef9dbd07feed2dcbeb89c0950950cdb77f270c159138f9bd28e7e9edff8b525,2536,True,True
LH,16,security_a3a3f7eb3e0e703fa8176849c7f10671,0xe7cb13f934893be161b20859a9b316f9f9d2103636e6de82f7d653a61a775454,0x2a7d4a517c72cb04958ef870745b30e632342d0905db592a38ff93af92052143,2547,False,0x1faf79876bf2bdd75b9dcf97dda7709fbbfca27192e0a738ee1cd7d5a1a49599,2548,ProfileInactive,0,False,False,0xdbf8aec0b19df6da5855b4006422d1006682c9ea86b4d6052214db509a69c770,2549,True,True
LH,17,security_345e5bceabe6f554e771dda55d508225,0xe7cb13f934893be161b20859a9b316f9f9d2103636e6de82f7d653a61a775454,0xe3eeb986fa6a3e84aafd89fb85d43fd8cb253c5e0f0f63701baa28fea600d870,2560,False,0xfea3ccd31501748230711475e4d9fdc23fcd66ef9a14818d281621e60d623b40,2561,ProfileInactive,0,False,False,0x9bd578635a47f4665bee1e1b993d272d65a59b274111bb50c173242b6cf43420,2562,True,True
LH,18,security_99091ab601f483e76405d32f943ef4c3,0xe7cb13f934893be161b20859a9b316f9f9d2103636e6de82f7d653a61a775454,0xd435ac2f0221e775870527a67a62eb0eb220a1eb8ca91fb745b82077e7b3c6d3,2573,False,0x93ef31384d261c9cf94dea596a6af16c80a56f6919b3fad4b696a2ef345f8b5a,2574,ProfileInactive,0,False,False,0x92935ec7f16e9b8454c695574dc4affdbe696eb11f2764be3c98995b91ffb395,2575,True,True
LH,19,security_c316989e9c94e969c1bb9ca0707f4076,0xe7cb13f934893be161b20859a9b316f9f9d2103636e6de82f7d653a61a775454,0x4187b2f924d2e61c9957eb2c76daa35c2b4e7c59e06b783bd444ee08008c8a5d,2586,False,0x11cf33c3ad67bf04797482c497e2c56ae1c4a60aba1cd565903ce5ef0034f1b3,2587,ProfileInactive,0,False,False,0x8905fa684cb51e32928abc661ef357ec54ef357ad0e369b91c9026101a102416,2588,True,True
LH,20,security_19b29259f503d880e2e87097e1f0fb6a,0xe7cb13f934893be161b20859a9b316f9f9d2103636e6de82f7d653a61a775454,0xf9b3c82c04af764d116fd0e18630b56dc4675b741edc65876718232b921a4756,2599,False,0x11eaf53b3c769212c3c41f440e5e2bfaa3aa833707bb6c0467e2740c27eef56c,2600,ProfileInactive,0,False,False,0x012290456fde385e61dca91d2391f49389b7fa8f66b392a131d997e903bfbc0f,2601,True,True
LH,21,security_6ca71d980a1d8594a9aebde04b30ba4f,0xe7cb13f934893be161b20859a9b316f9f9d2103636e6de82f7d653a61a775454,0xa170cb164a86cd64a2f309f38cad893bb82734961d0d9f69d3afc5ad6f6b90a7,2612,False,0x54e590df9cd690ac272ad2bc152641d6adcc73b6bca68c150bf5e9b628477c76,2613,ProfileInactive,0,False,False,0x341baecf1fb58599241c88902a2d7ec495dbcaec26e5a95c0e793dc6d1b83cf7,2614,True,True
LH,22,security_9997fe5dedd900f78637f25adf263b8e,0xe7cb13f934893be161b20859a9b316f9f9d2103636e6de82f7d653a61a775454,0x3c51d923136ba8a607bfe07caaa52fabd10066b19e7765778d3b1f60388be049,2625,False,0x20b3db0dd08aff7cd6e90a7ce0f0c481208c6f92c73c996800ade0a64a5ef9fe,2626,ProfileInactive,0,False,False,0x297ae1dfeb8c0faa95739724262afc65df9411fa01a5d529e982a13be81c3417,2627,True,True
LH,23,security_9b7f5ba7b2bff1e6bb154d87c04f8f3b,0xe7cb13f934893be161b20859a9b316f9f9d2103636e6de82f7d653a61a775454,0x3c017ef740fdc1754e9f02f842f75683e35110574f41f84205debf0d8a888a83,2638,False,0x7babdf546d9c7339c4cefa9b91d145af67dc1f040b94d0e849746ff103c7aad3,2639,ProfileInactive,0,False,False,0xb295671a4e330ea1de46fec6d3d861a55f7ea5fc7c02518cc2f204242a1afdaa,2640,True,True
LH,24,security_1676ec5551e7fa4adf5361c86ccae230,0xe7cb13f934893be161b20859a9b316f9f9d2103636e6de82f7d653a61a775454,0xadc41444dcd4df0ed2157b05f5bc732a1f94ae7657f9ebf4900f5dbe66a144e4,2651,False,0xedb41c537ba3321b8e530a50207b7d0bb7cc023a15747a157334db2fee1a2eb4,2652,ProfileInactive,0,False,False,0xff9f218891a7ae957e3b77567a4463070524210d09ee602175b926dac991a1da,2653,True,True
LH,25,security_25e5983c4c2a8aba65ff2cc4a99c410e,0xe7cb13f934893be161b20859a9b316f9f9d2103636e6de82f7d653a61a775454,0x5f7705ddb86d0b68abfa063b17a75f41b9543ffda40e2dccea69ec1c809840ca,2664,False,0x5570950e05fd728e44ae0f0a3b3752687e8fe34ae28ac9c33178cbd6a03dfa32,2665,ProfileInactive,0,False,False,0x81b0cff4834a259b5a3617ed3d45a5412bcab826bbc917d21e75a5937e621f00,2666,True,True
LH,26,security_dd5bbdfae953518d6106d8c592e0fe15,0xe7cb13f934893be161b20859a9b316f9f9d2103636e6de82f7d653a61a775454,0x84b85668c2fde80f5ce961a159d4fd3e713460045c9adc5f19a16944caa5a32c,2677,False,0xf3be3aafbaf8455b0bde8782a8e58975c1e34546e5dcf2bf587cc2bed40f826c,2678,ProfileInactive,0,False,False,0xeffc5e8f5810429521038ec339966cd259d95583d1eafbf64e94ce68adffe8ec,2679,True,True
LH,27,security_0e5189d52a20cb035c1457589f6fef54,0xe7cb13f934893be161b20859a9b316f9f9d2103636e6de82f7d653a61a775454,0xd0eedc15e26df8f8ea6a9b6563ee1248a6b3c85c5b9bcc4f292837959e02c10c,2690,False,0xf18eb7392b828b66058d4c41e5bc2dffabe9731d051ed1d57ec430f9f09eb683,2691,ProfileInactive,0,False,False,0x339298d43348404ae670e9fa998b2bd494473237b49f5f158acbfc09299e2cb2,2692,True,True
LH,28,security_9d61bea6fa137dbe57fc15623995bc67,0xe7cb13f934893be161b20859a9b316f9f9d2103636e6de82f7d653a61a775454,0x72c0eeb56e3fde7c84af00beeb58c0f6b4f86f04a9d1e81cf40cf1001dc5cbb9,2703,False,0x3dde3288a3e855681c34b40b0b81d7dfc1c3614059c1fe643208f35b86c421c7,2704,ProfileInactive,0,False,False,0x22db6f7481f4dd738e13978770ec18af8905a2cc0a7a2c31759bba4678aff023,2705,True,True
LH,29,security_ece30d9917b4bf7d8b119da478102e6e,0xe7cb13f934893be161b20859a9b316f9f9d2103636e6de82f7d653a61a775454,0x98bffa916d7378c1915aed58612bf17d61540e56e52ef6487acfb25f41d4e490,2716,False,0x01bc95b3c7e453e6fb2e6ee7d37d04efd8360fe39a1ce839c25873fa3e8192a1,2717,ProfileInactive,0,False,False,0x5482d6038845b99c9ff8535cfb17170b4eb5bc015fe87fc84fb61e9784c3178e,2718,True,True
